clicked,time
"right",1511373760920
"right",1511373762621
"left",1511373764837
"left",1511373765819
"right",1511373795966
"left",1511373797799
"left",1511373798406
"right",1511373800152
"left",1511373801624
"right",1511373802766
"left",1511373803376
"right",1511373804188
"left",1511373805178
"right",1511373805815
"left",1511373806503
"right",1511374148244
"left",1511374149276
"right",1511374150431
"left",1511374151040
"right",1511374151706
"left",1511374152314
"right",1511374153068
"left",1511374153684
"right",1511374154486
"left",1511374155024
"right",1511374156027
"left",1511374156597
"right",1511374158114
"left",1511374158774
"right",1511374159525
"left",1511374160038
"right",1511374197203
"left",1511374197957
"left",1511374198493
"left",1511374199030
"right",1511374200135
"right",1511376845663
"right",1511376846435
"right",1511377332723
"left",1511377530588
"right",1511377531657
"right",1511377531974
"right",1511377532190
"right",1511377585438
"right",1511377585444
"right",1511378188483
"right",1511378188768
"right",1511378188957
"right",1511378189236
"right",1511378189413
"right",1511378189565
"right",1511378189725
"right",1511378189879
"right",1511378190024
"right",1511378190215
"right",1511378190383
"right",1511378190576
"right",1511378190776
"right",1511378191011
"right",1511378191241
"right",1511378191448
"right",1511378191681
"left",1511378192357
"left",1511378192523
"left",1511378192715
"left",1511378192900
"left",1511378193173
"left",1511378193341
"left",1511378193508
"left",1511378193676
"left",1511378193861
"left",1511378194063
"left",1511378194231
"left",1511378194408
"left",1511378194583
"left",1511378194767
"left",1511378195169
"left",1511378215223
"left",1511378215386
"left",1511378215554
"left",1511378215697
"left",1511378215840
"left",1511378215992
"left",1511378216296
"left",1511378216474
"left",1511378216634
"start",1511378881535
"start",1511451407334
"extrovert",1511451408632
"extrovert",1511451409399
"introvert",1511451410481
"introvert",1511451410962
"introvert",1511451411786
"introvert",1511451412209
"introvert",1511451412590
"introvert",1511451413067
"introvert",1511451413411
"start",1511451565313
"introvert",1511451568847
"introvert",1511451569017
"introvert",1511451572013
"introvert",1511451572247
"extrovert",1511451574281
"extrovert",1511451574564
"extrovert",1511451576550
"extrovert",1511451576786
"extrovert",1511451578630
"start",1511451608890
"start",1511506278849
"extrovert",1511506335657
"introvert",1511506336324
"extrovert",1511506344165
"extrovert",1511506344790
"extrovert",1511506345358
"extrovert",1511506345712
"extrovert",1511506345927
"extrovert",1511506346127
"extrovert",1511506346327
"start",1511574847548
"extrovert",1511574850236
"extrovert",1511574853698
"extrovert",1511574854412
"introvert",1511574855472
"start",1511574865067
"introvert",1511574867786
"start",1511574908874
"introvert",1511574911772
"extrovert",1511574913999
"start",1511574915282
"start",1511574915745
"start",1511574916229
"start",1511574987974
"extrovert",1511574995480
"start",1511575109252
"introvert",1511575111456
"introvert",1511575112416
"start",1511575286395
"start",1511575521299
"extrovert",1511575523251
"start",1511575637809
"start",1511575722178
"start",1511575767477
"introvert",1511575770772
"introvert",1511575771464
"start",1511575829002
"introvert",1511575830802
"introvert",1511575831264
"introvert",1511575831706
"introvert",1511575832139
"start",1511576359088
"introvert",1511576361228
"introvert",1511576361307
"introvert",1511576361958
"introvert",1511576362545
"start",1511577201901
"start",1511577237328
"start",1511577884570
"start",1511577908278
"start",1511578010138
"start",1511578037601
"start",1511578068306
"start",1511578675218
"start",1511578783067
"introvert",1511578795981
"extrovert",1511578798003
"introvert",1511578799483
"extrovert",1511578801519
"extrovert",1511578802792
"introvert",1511578803783
"introvert",1511578804249
"extrovert",1511578804811
"start",1511579652193
"extrovert",1511579654253
"extrovert",1511579655315
"extrovert",1511579656181
"extrovert",1511579656735
"extrovert",1511579657207
"extrovert",1511579657603
"extrovert",1511579658090
"extrovert",1511579658603
"start",1511649389838
"start",1511649483160
"extrovert",1511649484921
"extrovert",1511649486093
"extrovert",1511649487119
"extrovert",1511649488152
"extrovert",1511649489337
"extrovert",1511649489855
"extrovert",1511649490312
"extrovert",1511649490699
"start",1511649528056
"extrovert",1511649528963
"extrovert",1511649529387
"extrovert",1511649529731
"extrovert",1511649530188
"extrovert",1511649530555
"extrovert",1511649530948
"extrovert",1511649531364
"extrovert",1511649531774
"extrovert",1511649532270
"start",1511649549665
"extrovert",1511649550818
"extrovert",1511649551157
"extrovert",1511649551441
"extrovert",1511649551777
"extrovert",1511649552097
"extrovert",1511649552465
"extrovert",1511649552835
"extrovert",1511649553203
"extrovert",1511649553595
"start",1511649562220
"extrovert",1511649563505
"extrovert",1511649565213
"extrovert",1511649565797
"extrovert",1511649566405
"extrovert",1511649566893
"extrovert",1511649567333
"extrovert",1511649567765
"extrovert",1511649568393
"extrovert",1511649568871
"start",1511650086253
"extrovert",1511650096095
"extrovert",1511650096893
"extrovert",1511650097445
"extrovert",1511650097878
"extrovert",1511650098271
"extrovert",1511650098631
"extrovert",1511650099024
"extrovert",1511650099375
"extrovert",1511650099729
"start",1511650198467
"extrovert",1511650200687
"extrovert",1511650201918
"extrovert",1511650202864
"extrovert",1511650203425
"extrovert",1511650204033
"start",1511650242935
"extrovert",1511650249750
"extrovert",1511650252869
"extrovert",1511650254416
"extrovert",1511650255052
"extrovert",1511650255779
"extrovert",1511650256467
"extrovert",1511650257058
"extrovert",1511650257956
"extrovert",1511650258619
"start",1511650368064
"extrovert",1511650370617
"extrovert",1511650371242
"extrovert",1511650371906
"start",1511650383588
"extrovert",1511650385320
"start",1511650873068
"extrovert",1511650875136
"extrovert",1511650875970
"extrovert",1511650876481
"extrovert",1511650876984
"extrovert",1511650877585
"extrovert",1511650878139
"extrovert",1511650878764
"extrovert",1511650879300
"extrovert",1511650880014
"start",1511651595792
"extrovert",1511651597752
"extrovert",1511651598531
"start",1511651608890
"start",1511651639363
"extrovert",1511651644274
"extrovert",1511651645779
"extrovert",1511651646477
"extrovert",1511651647013
"start",1511651671897
"start",1511651760177
"start",1511651832603
"extrovert",1511651833703
"extrovert",1511651834044
"extrovert",1511651834372
"extrovert",1511651834687
"extrovert",1511651835006
"extrovert",1511651835308
"extrovert",1511651835621
"extrovert",1511651835918
"extrovert",1511651836246
"start",1511651857258
"extrovert",1511651858066
"extrovert",1511651858362
"extrovert",1511651858560
"extrovert",1511651858784
"extrovert",1511651859000
"extrovert",1511651859232
"extrovert",1511651859504
"extrovert",1511651859816
"extrovert",1511651861164
"start",1511652250673
"extrovert",1511652252295
"extrovert",1511652252804
"extrovert",1511652253215
"extrovert",1511652253766
"extrovert",1511652254199
"extrovert",1511652254655
"extrovert",1511652255449
"extrovert",1511652255905
"extrovert",1511652256345
"start",1511652313585
"extrovert",1511652314451
"extrovert",1511652314824
"extrovert",1511652315170
"extrovert",1511652315495
"extrovert",1511652315799
"extrovert",1511652316231
"extrovert",1511652316655
"extrovert",1511652317098
"extrovert",1511652317599
"start",1511652373260
"extrovert",1511652374267
"extrovert",1511652374576
"extrovert",1511652374906
"extrovert",1511652375193
"extrovert",1511652375552
"extrovert",1511652375829
"extrovert",1511652376138
"extrovert",1511652376458
"extrovert",1511652376795
"start",1511652594018
"extrovert",1511652595702
"extrovert",1511652596193
"extrovert",1511652596754
"extrovert",1511652597129
"extrovert",1511652597497
"extrovert",1511652598027
"extrovert",1511652598419
"extrovert",1511652598803
"extrovert",1511652599211
"start",1511652618352
"extrovert",1511652620144
"extrovert",1511652620479
"extrovert",1511652620767
"extrovert",1511652621071
"extrovert",1511652621351
"extrovert",1511652621639
"extrovert",1511652621927
"extrovert",1511652622223
"extrovert",1511652622536
"start",1511652707963
"extrovert",1511652709966
"extrovert",1511652710488
"extrovert",1511652712457
"extrovert",1511652712707
"extrovert",1511652712894
"extrovert",1511652713164
"extrovert",1511652713494
"extrovert",1511652713861
"extrovert",1511652714198
"start",1511652720943
"extrovert",1511652722936
"extrovert",1511652723366
"extrovert",1511652723692
"extrovert",1511652724020
"extrovert",1511652724340
"extrovert",1511652724726
"extrovert",1511652726048
"extrovert",1511652727240
"extrovert",1511652728588
"start",1511653109424
"extrovert",1511653110858
"extrovert",1511653111256
"extrovert",1511653111654
"extrovert",1511653112054
"extrovert",1511653112430
"extrovert",1511653112824
"extrovert",1511653113176
"extrovert",1511653113520
"extrovert",1511653113888
"start",1511653280094
"start",1511653303093
"extrovert",1511653310341
"extrovert",1511653310975
"extrovert",1511653311535
"extrovert",1511653312049
"extrovert",1511653312543
"extrovert",1511653313205
"introvert",1511653314803
"introvert",1511653315801
"extrovert",1511653316372
"start",1511653979058
"start",1511829553873
"introvert",1511829574704
"introvert",1511829578010
"introvert",1511829580954
"introvert",1511829582735
"introvert",1511829584721
"extrovert",1511829586410
"extrovert",1511829587577
"introvert",1511829589461
"introvert",1511829590064
"start",1511829628815
"extrovert",1511829672968
"extrovert",1511829673557
"extrovert",1511829674040
"extrovert",1511829674479
"extrovert",1511829674839
"extrovert",1511829675183
"extrovert",1511829675609
"extrovert",1511829676057
"extrovert",1511829676604
"start",1511829736948
"extrovert",1511829856185
"extrovert",1511829856695
"extrovert",1511829857046
"extrovert",1511829857288
"extrovert",1511829857491
"extrovert",1511829857712
"extrovert",1511829857944
"extrovert",1511829858152
"extrovert",1511829858381
"start",1511830020731
"extrovert",1511830024810
"extrovert",1511830025273
"extrovert",1511830025555
"extrovert",1511830026200
"extrovert",1511830026433
"extrovert",1511830026653
"extrovert",1511830026909
"extrovert",1511830027109
"extrovert",1511830027383
"start",1511830159012
"start",1511830182821
"extrovert",1511830185431
"start",1511830197295
"start",1511830279998
"start",1511830301485
"start",1511830349328
"start",1511830810005
"start",1512341516469
"introvert",1512341812328
"extrovert",1512341812825
"extrovert",1512341813188
"extrovert",1512341813441
"extrovert",1512341813643
"extrovert",1512341813843
"extrovert",1512341814015
"extrovert",1512341814183
"extrovert",1512341814363
"start",1512403802305
"extrovert",1512403809537
"introvert",1512403810378
"extrovert",1512403811404
"introvert",1512403812577
"extrovert",1512403813663
"introvert",1512403815745
"extrovert",1512403822358
"introvert",1512403823643
"introvert",1512403824297
"start",1512403895599
"introvert",1512403906746
"extrovert",1512403925250
"extrovert",1512403928546
"introvert",1512403933948
"extrovert",1512403938040
"extrovert",1512403941666
"extrovert",1512403944416
"introvert",1512403946488
"introvert",1512403948381
"start",1512404040668
"extrovert",1512404053277
"introvert",1512404056621
"extrovert",1512404057768
"introvert",1512404058593
"extrovert",1512404059613
"introvert",1512404060337
"extrovert",1512404060886
"introvert",1512404061413
"extrovert",1512404062551
"start",1512404384857
"start",1512404660706
"start",1512406016574
"extrovert",1512406018092
"extrovert",1512406022358
"introvert",1512406022950
"start",1512406100586
"introvert",1512406104482
"start",1512406159645
"introvert",1512406160658
"start",1512406197397
"introvert",1512406198483
"extrovert",1512406199670
"introvert",1512406201379
"introvert",1512406203719
"introvert",1512406204285
"introvert",1512406204896
"introvert",1512406205455
"introvert",1512406206019
"introvert",1512406206577
"start",1512406239905
"extrovert",1512406241267
"introvert",1512406242515
"extrovert",1512406243579
"introvert",1512406244650
"extrovert",1512406245786
"introvert",1512406246980
"extrovert",1512406248030
"introvert",1512406249081
"extrovert",1512406250145
"start",1512406292488
"introvert",1512406294056
"extrovert",1512406295670
"introvert",1512406296941
"extrovert",1512406298291
"introvert",1512406299472
"extrovert",1512406300638
"start",1512406325534
"introvert",1512406326654
"extrovert",1512406328166
"introvert",1512406329283
"extrovert",1512406330366
"introvert",1512406331495
"extrovert",1512406332750
"introvert",1512406333637
"extrovert",1512406334687
"introvert",1512406335721
"start",1512406366378
"extrovert",1512406370988
"introvert",1512406373323
"extrovert",1512406375806
"extrovert",1512406378154
"introvert",1512406379774
"introvert",1512406381002
"extrovert",1512406382424
"extrovert",1512406384142
"extrovert",1512406385426
"start",1512406492768
"introvert",1512406495016
"extrovert",1512406496349
"introvert",1512406497557
"extrovert",1512406498720
"extrovert",1512406499736
"extrovert",1512406500928
"extrovert",1512406501896
"extrovert",1512406502874
"extrovert",1512406503821
"start",1512406642763
"extrovert",1512406644230
"introvert",1512406645192
"extrovert",1512406646365
"introvert",1512406647414
"extrovert",1512406648459
"introvert",1512406649606
"extrovert",1512406650659
"introvert",1512406652330
"extrovert",1512406653533
"start",1512406740421
"extrovert",1512406742514
"introvert",1512406743600
"extrovert",1512406744652
"introvert",1512406745817
"extrovert",1512406746877
"introvert",1512406748084
"extrovert",1512406749054
"introvert",1512406750088
"introvert",1512406751144
"start",1512407285681
"extrovert",1512407286581
"introvert",1512407287759
"introvert",1512407288879
"introvert",1512407289513
"extrovert",1512407290033
"introvert",1512407290591
"introvert",1512407291000
"extrovert",1512407292097
"introvert",1512407293158
"start",1512407295654
"start",1512407438780
"extrovert",1512407439853
"introvert",1512407440961
"introvert",1512407441616
"extrovert",1512407442692
"introvert",1512407445314
"introvert",1512407445794
"start",1512407462705
"extrovert",1512407463717
"introvert",1512407464700
"introvert",1512407465489
"extrovert",1512407466630
"introvert",1512407467510
"extrovert",1512407468523
"extrovert",1512407469116
"extrovert",1512407469621
"extrovert",1512407470164
"start",1512407521714
"extrovert",1512407523323
"introvert",1512407524306
"introvert",1512407525361
"introvert",1512407526459
"extrovert",1512407527583
"introvert",1512407528662
"introvert",1512407529861
"introvert",1512407530806
"introvert",1512407531429
"start",1512407744561
"extrovert",1512407745751
"introvert",1512407746759
"start",1512407811432
"extrovert",1512407812296
"introvert",1512407813063
"extrovert",1512407813804
"introvert",1512407814571
"extrovert",1512407815474
"introvert",1512407816179
"introvert",1512407816701
"extrovert",1512407817620
"introvert",1512407818166
"start",1512407851492
"extrovert",1512407852463
"introvert",1512407853910
"extrovert",1512407854783
"introvert",1512407855469
"extrovert",1512407856803
"introvert",1512407857464
"extrovert",1512407857959
"introvert",1512407858456
"extrovert",1512407858997
"start",1512407877821
"extrovert",1512407878916
"extrovert",1512407879427
"extrovert",1512407879938
"extrovert",1512407880483
"extrovert",1512407880980
"extrovert",1512407881533
"extrovert",1512407882030
"extrovert",1512407882527
"extrovert",1512407883018
"extrovert",1512407883609
"extrovert",1512407884159
"extrovert",1512407884706
"extrovert",1512407885321
"extrovert",1512407885874
"extrovert",1512407886413
"extrovert",1512407886917
"extrovert",1512407887518
"extrovert",1512407888027
"extrovert",1512407888533
"start",1512408057029
"introvert",1512408061004
"extrovert",1512408064568
"introvert",1512408066224
"introvert",1512408067367
"extrovert",1512408069369
"extrovert",1512408069884
"introvert",1512408071440
"introvert",1512408072033
"introvert",1512408072547
"extrovert",1512408073661
"introvert",1512408074722
"extrovert",1512408075350
"introvert",1512408076539
"extrovert",1512408077471
"introvert",1512408079576
"introvert",1512408080192
"introvert",1512408080755
"introvert",1512408081272
"introvert",1512408081816
"start",1512408493391
"extrovert",1512408506553
"introvert",1512408508476
"introvert",1512408509590
"introvert",1512408510233
"introvert",1512408510668
"introvert",1512408511221
"introvert",1512408511692
"introvert",1512408512192
"introvert",1512408512702
"introvert",1512408513192
"introvert",1512408513712
"introvert",1512408514210
"introvert",1512408514694
"introvert",1512408515166
"introvert",1512408515696
"introvert",1512408516168
"introvert",1512408516567
"introvert",1512408517017
"introvert",1512408517328
"start",1512408614895
"introvert",1512408618429
"extrovert",1512408620276
"extrovert",1512408621202
"introvert",1512408622070
"extrovert",1512408622960
"introvert",1512408623515
"extrovert",1512408624168
"introvert",1512408625505
"extrovert",1512408626126
"introvert",1512408626658
"extrovert",1512408627274
"introvert",1512408627748
"extrovert",1512408628285
"introvert",1512408628903
"introvert",1512408629406
"introvert",1512408629832
"introvert",1512408630216
"introvert",1512408630698
"introvert",1512408631090
"start",1512409171676
"extrovert",1512409178603
"introvert",1512409180146
"introvert",1512409181256
"extrovert",1512409182146
"introvert",1512409184024
"introvert",1512409184553
"extrovert",1512409185171
"introvert",1512409185880
"introvert",1512409186726
"introvert",1512409187163
"introvert",1512409187614
"introvert",1512409188040
"introvert",1512409188479
"introvert",1512409188907
"introvert",1512409189379
"introvert",1512409189896
"introvert",1512409190044
"introvert",1512409190515
"introvert",1512409190931
"start",1512409483128
"extrovert",1512409490190
"extrovert",1512409491201
"introvert",1512409492269
"introvert",1512409493259
"introvert",1512409494306
"introvert",1512409495397
"introvert",1512409496015
"introvert",1512409496456
"introvert",1512409496960
"introvert",1512409497479
"introvert",1512409498017
"introvert",1512409498535
"introvert",1512409499044
"introvert",1512409499547
"introvert",1512409500090
"introvert",1512409500594
"introvert",1512409501236
"introvert",1512409501809
"introvert",1512409502360
"start",1512409726309
"extrovert",1512409734306
"introvert",1512409735996
"introvert",1512409737704
"extrovert",1512409738774
"extrovert",1512409739797
"introvert",1512409740820
"extrovert",1512409741866
"introvert",1512409743476
"extrovert",1512409744185
"introvert",1512409745062
"extrovert",1512409746155
"introvert",1512409747075
"extrovert",1512409747788
"introvert",1512409748335
"extrovert",1512409748876
"introvert",1512409749497
"extrovert",1512409750090
"introvert",1512409751023
"extrovert",1512409752137
"start",1512409841179
"introvert",1512409843310
"extrovert",1512409843962
"introvert",1512409844739
"introvert",1512409845316
"introvert",1512409845788
"introvert",1512409846213
"introvert",1512409846414
"introvert",1512409846605
"introvert",1512409846764
"introvert",1512409846943
"introvert",1512409847125
"introvert",1512409847269
"introvert",1512409847438
"introvert",1512409847584
"introvert",1512409847730
"introvert",1512409847879
"introvert",1512409848023
"introvert",1512409848169
"introvert",1512409848316
"start",1512409864506
"extrovert",1512409894218
"introvert",1512409895780
"introvert",1512409896795
"extrovert",1512409897830
"extrovert",1512409898380
"introvert",1512409899380
"introvert",1512409899537
"introvert",1512409900505
"extrovert",1512409901124
"extrovert",1512409901666
"extrovert",1512409902158
"extrovert",1512409902552
"extrovert",1512409902721
"extrovert",1512409902912
"extrovert",1512409903081
"extrovert",1512409903247
"extrovert",1512409903430
"extrovert",1512409903598
"extrovert",1512409903802
"start",1512409961626
"introvert",1512409963304
"extrovert",1512409965362
"extrovert",1512409965857
"extrovert",1512409966366
"extrovert",1512409967400
"extrovert",1512409968143
"extrovert",1512409968557
"extrovert",1512409969694
"extrovert",1512409970144
"extrovert",1512409970505
"extrovert",1512409970729
"extrovert",1512409971269
"extrovert",1512409971813
"extrovert",1512409972396
"extrovert",1512409972900
"extrovert",1512409973924
"extrovert",1512409974407
"extrovert",1512409974936
"extrovert",1512409975547
"start",1512417421476
"extrovert",1512417427275
"extrovert",1512417428614
"extrovert",1512417429696
"extrovert",1512417430706
"extrovert",1512417431687
"extrovert",1512417432664
"extrovert",1512417433755
"extrovert",1512417434396
"extrovert",1512417434891
"extrovert",1512417435048
"extrovert",1512417435633
"extrovert",1512417436074
"extrovert",1512417436500
"extrovert",1512417437007
"extrovert",1512417437478
"extrovert",1512417437974
"extrovert",1512417438505
"extrovert",1512417438976
"extrovert",1512417439605
"start",1512417623267
"extrovert",1512417625502
"introvert",1512417626932
"extrovert",1512417628405
"introvert",1512417629140
"extrovert",1512417629664
"introvert",1512417630283
"extrovert",1512417631306
"extrovert",1512417631790
"extrovert",1512417632297
"extrovert",1512417632827
"extrovert",1512417633354
"extrovert",1512417633894
"extrovert",1512417634389
"extrovert",1512417634872
"extrovert",1512417635368
"extrovert",1512417635808
"extrovert",1512417636279
"extrovert",1512417636730
"extrovert",1512417637258
"start",1512418567236
"introvert",1512418570410
"extrovert",1512418571456
"extrovert",1512418572560
"extrovert",1512418573663
"introvert",1512418574755
"extrovert",1512418575754
"introvert",1512418576834
"introvert",1512418577769
"introvert",1512418578308
"introvert",1512418578926
"introvert",1512418579466
"introvert",1512418580018
"introvert",1512418580535
"introvert",1512418581188
"introvert",1512418581694
"introvert",1512418582246
"introvert",1512418582730
"introvert",1512418583247
"introvert",1512418583809
"start",1512418668696
"extrovert",1512418671548
"introvert",1512418672504
"extrovert",1512418673419
"introvert",1512418674394
"extrovert",1512418675161
"extrovert",1512418675643
"extrovert",1512418676668
"extrovert",1512418677117
"extrovert",1512418677693
"extrovert",1512418678242
"extrovert",1512418678805
"extrovert",1512418679301
"extrovert",1512418679821
"extrovert",1512418680368
"extrovert",1512418680953
"extrovert",1512418681436
"extrovert",1512418681920
"extrovert",1512418682460
"extrovert",1512418683045
"start",1512418763703
"introvert",1512418773080
"extrovert",1512418774036
"introvert",1512418775060
"extrovert",1512418776796
"introvert",1512418777838
"introvert",1512418778345
"extrovert",1512418778819
"extrovert",1512418779234
"extrovert",1512418779651
"extrovert",1512418780011
"extrovert",1512418780496
"extrovert",1512418780833
"extrovert",1512418781405
"extrovert",1512418781967
"extrovert",1512418782529
"extrovert",1512418783002
"extrovert",1512418783587
"extrovert",1512418784084
"extrovert",1512418784567
"start",1512418959866
"extrovert",1512418961452
"introvert",1512418962474
"extrovert",1512418963520
"extrovert",1512418964342
"extrovert",1512418965028
"extrovert",1512418965681
"extrovert",1512418966400
"extrovert",1512418966864
"extrovert",1512418967347
"extrovert",1512418968102
"extrovert",1512418968842
"extrovert",1512418969359
"extrovert",1512418969888
"extrovert",1512418970565
"extrovert",1512418971035
"extrovert",1512418972173
"extrovert",1512418972678
"extrovert",1512418973197
"extrovert",1512418973758
"start",1512420485969
"extrovert",1512420487807
"extrovert",1512420488559
"extrovert",1512420489042
"extrovert",1512420489549
"extrovert",1512420490009
"extrovert",1512420490448
"extrovert",1512420490843
"extrovert",1512420491015
"extrovert",1512420491180
"extrovert",1512420491405
"extrovert",1512420491619
"extrovert",1512420491867
"extrovert",1512420492248
"extrovert",1512420492757
"extrovert",1512420493126
"extrovert",1512420493452
"extrovert",1512420493823
"extrovert",1512420494105
"extrovert",1512420494445
"extrovert",1512420496771
"start",1512420513482
"extrovert",1512420515008
"extrovert",1512420515560
"extrovert",1512420516123
"extrovert",1512420516616
"extrovert",1512420517100
"extrovert",1512420517530
"extrovert",1512420517832
"extrovert",1512420518169
"extrovert",1512420518822
"extrovert",1512420519350
"extrovert",1512420519859
"extrovert",1512420520420
"extrovert",1512420521027
"extrovert",1512420521612
"extrovert",1512420521736
"extrovert",1512420522050
"extrovert",1512420522322
"extrovert",1512420522534
"extrovert",1512420522883
"introvert",1512420534619
"start",1512420949691
"extrovert",1512420951401
"extrovert",1512420951874
"extrovert",1512420952378
"introvert",1512420953368
"introvert",1512420953863
"introvert",1512420954371
"introvert",1512420954875
"introvert",1512420955506
"introvert",1512420956034
"introvert",1512420956564
"introvert",1512420957137
"introvert",1512420957711
"introvert",1512420958206
"introvert",1512420958712
"introvert",1512420959241
"introvert",1512420959749
"introvert",1512420960253
"introvert",1512420960751
"introvert",1512420961367
"introvert",1512420968816
"introvert",1512421048368
"introvert",1512421048894
"extrovert",1512421109789
"extrovert",1512421110339
"start",1512421182728
"introvert",1512421183885
"introvert",1512421184311
"introvert",1512421184783
"introvert",1512421185301
"introvert",1512421185840
"introvert",1512421186335
"introvert",1512421186518
"introvert",1512421186686
"introvert",1512421186842
"introvert",1512421187145
"introvert",1512421187325
"introvert",1512421187596
"introvert",1512421187926
"introvert",1512421188160
"introvert",1512421188450
"introvert",1512421188711
"introvert",1512421188914
"introvert",1512421189195
"introvert",1512421189451
"extrovert",1512421199974
"start",1512421250850
"extrovert",1512421252724
"extrovert",1512421253184
"extrovert",1512421253577
"extrovert",1512421253870
"extrovert",1512421254140
"extrovert",1512421254387
"extrovert",1512421254624
"extrovert",1512421254816
"extrovert",1512421255085
"extrovert",1512421255310
"extrovert",1512421255614
"extrovert",1512421255907
"extrovert",1512421256176
"extrovert",1512421256412
"extrovert",1512421256716
"extrovert",1512421256964
"extrovert",1512421257256
"extrovert",1512421257549
"extrovert",1512421257853
"closed minded",1512421266404
"closed minded",1512421268721
"closed minded",1512421270837
"open minded",1512421276303
"open minded",1512421279487
"open minded",1512421285023
"open minded",1512421289915
"open minded",1512421294022
"open minded",1512421295115
"open minded",1512421296137
"open minded",1512421302066
"open minded",1512421307613
"open minded",1512421311258
"closed minded",1512421316749
"closed minded",1512421320417
"closed minded",1512421325962
"open minded",1512421326973
"closed minded",1512421328022
"open minded",1512421329066
"start",1512421364072
"extrovert",1512421369972
"extrovert",1512421371663
"extrovert",1512421372660
"extrovert",1512421373933
"introvert",1512421375497
"introvert",1512421376103
"introvert",1512421376564
"introvert",1512421376938
"introvert",1512421377340
"closed minded",1512421386771
"closed minded",1512421387795
"closed minded",1512421389099
"open minded",1512421390022
"closed minded",1512421390998
"open minded",1512421392033
"closed minded",1512421393104
"open minded",1512421394699
"open minded",1512421395702
"closed minded",1512421396849
"open minded",1512421399425
"open minded",1512421405500
"closed minded",1512421407514
"open minded",1512421411901
"open minded",1512421414546
"closed minded",1512421417563
"closed minded",1512421420327
"open minded",1512421422814
"closed minded",1512421424187
"open minded",1512421426067
"open minded",1512421427855
"closed minded",1512421431352
"open minded",1512421435155
"closed minded",1512421438554
"closed minded",1512421445607
"open minded",1512421447181
"closed minded",1512421451187
"open minded",1512421453167
"open minded",1512421454114
"start",1512421514972
"introvert",1512421518192
"extrovert",1512421520398
"extrovert",1512421521477
"extrovert",1512421522501
"introvert",1512421523385
"extrovert",1512421524539
"introvert",1512421525745
"introvert",1512421526734
"closed minded",1512421552213
"open minded",1512421554408
"closed minded",1512421557411
"open minded",1512421561415
"closed minded",1512421564342
"start",1512422062143
"introvert",1512422066423
"extrovert",1512422067403
"introvert",1512422069077
"extrovert",1512422070191
"introvert",1512422071184
"extrovert",1512422072418
"introvert",1512422073412
"introvert",1512422073971
"open minded",1512422094507
"start",1512422114735
"extrovert",1512422120165
"extrovert",1512422121189
"extrovert",1512422122215
"extrovert",1512422123325
"extrovert",1512422124341
"extrovert",1512422125350
"extrovert",1512422125891
"extrovert",1512422126329
"open minded",1512422129145
"open minded",1512422129637
"open minded",1512422130166
"open minded",1512422130729
"open minded",1512422131268
"open minded",1512422131875
"open minded",1512422134937
"open minded",1512422138288
"open minded",1512422141675
"closed minded",1512422150248
"closed minded",1512422155894
"open minded",1512422166042
"start",1512422185932
"introvert",1512422187463
"extrovert",1512422188466
"extrovert",1512422189523
"extrovert",1512422190083
"extrovert",1512422190638
"extrovert",1512422191153
"extrovert",1512422191726
"extrovert",1512422192244
"open minded",1512422210817
"open minded",1512422215893
"closed minded",1512422227481
"closed minded",1512422236322
"closed minded",1512422242657
"open minded",1512422283315
"closed minded",1512422287577
"closed minded",1512422291380
"open minded",1512422294644
"open minded",1512422298130
"open minded",1512422299300
"open minded",1512422300437
"open minded",1512422301460
"open minded",1512422302382
"open minded",1512422304712
"open minded",1512422306827
"open minded",1512422308144
"open minded",1512422309841
"open minded",1512422311067
"open minded",1512422312193
"open minded",1512422313261
"open minded",1512422314296
"open minded",1512422315030
"open minded",1512422315445
"open minded",1512422316029
"open minded",1512422316512
"open minded",1512422317056
"open minded",1512422317536
"open minded",1512422318078
"open minded",1512422318630
"start",1512422476878
"introvert",1512422483905
"extrovert",1512422487167
"extrovert",1512422489225
"extrovert",1512422490316
"extrovert",1512422491377
"extrovert",1512422492409
"extrovert",1512422493488
"extrovert",1512422494052
"open minded",1512422516011
"closed minded",1512422522357
"closed minded",1512422526723
"closed minded",1512422531133
"start",1512422552462
"extrovert",1512422553410
"extrovert",1512422553958
"extrovert",1512422554453
"extrovert",1512422554960
"extrovert",1512422555501
"extrovert",1512422556007
"extrovert",1512422556547
"extrovert",1512422557086
"open minded",1512422558897
"closed minded",1512422559407
"closed minded",1512422559955
"open minded",1512422560545
"open minded",1512422560990
"closed minded",1512422561499
"closed minded",1512422562036
"open minded",1512422562577
"closed minded",1512422563127
"closed minded",1512422563948
"closed minded",1512422564398
"closed minded",1512422564791
"closed minded",1512422565242
"closed minded",1512422565748
"closed minded",1512422566278
"closed minded",1512422566772
"closed minded",1512422567323
"closed minded",1512422567852
"closed minded",1512422568324
"closed minded",1512422568888
"closed minded",1512422569416
"closed minded",1512422569925
"closed minded",1512422570462
"closed minded",1512422571017
"closed minded",1512422571587
"closed minded",1512422572105
"closed minded",1512422572633
"closed minded",1512422573196
"closed minded",1512422573792
"closed minded",1512422574344
"start",1512422744296
"extrovert",1512422751837
"introvert",1512422753232
"extrovert",1512422754053
"extrovert",1512422754537
"extrovert",1512422755067
"extrovert",1512422755549
"extrovert",1512422755989
"extrovert",1512422756744
"closed minded",1512422762830
"open minded",1512422763763
"closed minded",1512422765866
"open minded",1512422766925
"closed minded",1512422770146
"closed minded",1512422770793
"closed minded",1512422771772
"closed minded",1512422772932
"closed minded",1512422773898
"closed minded",1512422774764
"closed minded",1512422775833
"closed minded",1512422776836
"closed minded",1512422777667
"closed minded",1512422778264
"closed minded",1512422778738
"closed minded",1512422779186
"closed minded",1512422779680
"closed minded",1512422780143
"closed minded",1512422780716
"closed minded",1512422781289
"closed minded",1512422781854
"closed minded",1512422782629
"closed minded",1512422783709
"open minded",1512422785038
"closed minded",1512422786093
"open minded",1512422860412
"closed minded",1512422865721
"open minded",1512422870066
"closed minded",1512422874294
"open minded",1512422910444
"start",1512427003773
"extrovert",1512427010672
"introvert",1512427011823
"introvert",1512427012285
"introvert",1512427012948
"extrovert",1512427013417
"introvert",1512427067499
"extrovert",1512427068554
"introvert",1512427069595
"closed minded",1512427091891
"closed minded",1512427096666
"closed minded",1512427101013
"closed minded",1512427103143
"open minded",1512427106432
"open minded",1512427110365
"closed minded",1512427118643
"open minded",1512427150907
"closed minded",1512427153861
"open minded",1512427157460
"open minded",1512427161051
"open minded",1512427164362
"closed minded",1512427176523
"closed minded",1512427176935
"closed minded",1512427178054
"closed minded",1512427181673
"open minded",1512427183669
"closed minded",1512427185869
"open minded",1512427188747
"closed minded",1512427190681
"open minded",1512427192370
"closed minded",1512427193382
"closed minded",1512427194333
"closed minded",1512427195019
"closed minded",1512427195400
"closed minded",1512427195797
"closed minded",1512427196231
"closed minded",1512427196608
"closed minded",1512427197079
"closed minded",1512427197513
"closed minded",1512427198805
"start",1512427221871
"start",1512427269795
"introvert",1512427271467
"extrovert",1512427273518
"introvert",1512427275670
"extrovert",1512427277775
"extrovert",1512427279682
"introvert",1512427281142
"introvert",1512427282263
"extrovert",1512427283149
"open minded",1512427302721
"closed minded",1512427304157
"closed minded",1512427307574
"open minded",1512427308893
"closed minded",1512427310031
"open minded",1512427311846
"open minded",1512427312877
"open minded",1512427313926
"open minded",1512427314865
"open minded",1512427315363
"open minded",1512427315547
"open minded",1512427316493
"open minded",1512427316644
"open minded",1512427316780
"open minded",1512427316952
"open minded",1512427317174
"open minded",1512427317414
"open minded",1512427317598
"open minded",1512427317814
"open minded",1512427318048
"open minded",1512427318304
"open minded",1512427318536
"open minded",1512427318745
"open minded",1512427319106
"open minded",1512427319348
"open minded",1512427319602
"open minded",1512427319820
"open minded",1512427320076
"open minded",1512427320380
"open minded",1512427320639
"open minded",1512427320862
"start",1512434045377
"extrovert",1512434049566
"introvert",1512434051706
"extrovert",1512434053490
"extrovert",1512434054614
"start",1512434788512
"extrovert",1512434793739
"introvert",1512434795055
"extrovert",1512434796018
"introvert",1512434796875
"extrovert",1512434797573
"introvert",1512434798714
"introvert",1512434799418
"extrovert",1512434800852
"closed minded",1512434816493
"open minded",1512434821994
"closed minded",1512434827740
"open minded",1512434829004
"closed minded",1512434829974
"open minded",1512434831592
"closed minded",1512434837224
"closed minded",1512434842945
"open minded",1512434848271
"open minded",1512434851753
"open minded",1512434853933
"start",1512435797772
"extrovert",1512435811515
"extrovert",1512435815587
"introvert",1512435819173
"extrovert",1512435826394
"introvert",1512435834927
"extrovert",1512435837650
"introvert",1512435838319
"extrovert",1512435838939
"closed minded",1512435858357
"open minded",1512435863783
"closed minded",1512435872475
"closed minded",1512435875341
"open minded",1512435876502
"closed minded",1512435877587
"open minded",1512435880633
"closed minded",1512435884252
"open minded",1512435895194
"closed minded",1512435900449
"open minded",1512435906277
"open minded",1512435909732
"open minded",1512435917357
"closed minded",1512435920471
"open minded",1512435924494
"closed minded",1512435926600
"open minded",1512435930619
"closed minded",1512435931307
"open minded",1512435932005
"closed minded",1512435933118
"open minded",1512435934380
"closed minded",1512435935009
"open minded",1512435935629
"closed minded",1512435989648
"open minded",1512436004706
"closed minded",1512436017517
"closed minded",1512436034612
"closed minded",1512436036745
"open minded",1512436037533
"closed minded",1512436038661
"closed minded",1512436055294
"open minded",1512436056996
"open minded",1512436063698
"closed minded",1512436067749
"open minded",1512436069120
"closed minded",1512436071492
"open minded",1512436072717
"start",1512436187938
"extrovert",1512436201926
"extrovert",1512436205641
"introvert",1512436207564
"extrovert",1512436213120
"extrovert",1512436214753
"introvert",1512436216565
"introvert",1512436218143
"extrovert",1512436221048
"open minded",1512436250727
"closed minded",1512436256214
"closed minded",1512436261808
"closed minded",1512436267681
"open minded",1512436274978
"closed minded",1512436289854
"closed minded",1512436295544
"open minded",1512436298701
"open minded",1512436308985
"open minded",1512436311847
"closed minded",1512436315046
"open minded",1512436319731
"closed minded",1512436323155
"open minded",1512436326360
"open minded",1512436332137
"closed minded",1512436335840
"closed minded",1512436339827
"closed minded",1512436344098
"start",1512436447233
"extrovert",1512436466208
"introvert",1512436470302
"extrovert",1512436475644
"extrovert",1512436477174
"extrovert",1512436478454
"extrovert",1512436479697
"extrovert",1512436480588
"extrovert",1512436481115
"open minded",1512436500524
"open minded",1512436504144
"open minded",1512436511506
"closed minded",1512436513739
"open minded",1512436522794
"closed minded",1512436524847
"open minded",1512436526810
"open minded",1512436528816
"closed minded",1512436530008
"open minded",1512436531128
"open minded",1512436531801
"open minded",1512436532596
"open minded",1512436533720
"open minded",1512436534403
"open minded",1512436535096
"closed minded",1512436535868
"open minded",1512436537767
"open minded",1512436538418
"closed minded",1512436538901
"open minded",1512436540033
"closed minded",1512436540602
"open minded",1512436541090
"closed minded",1512436541556
"open minded",1512436541965
"closed minded",1512436542369
"open minded",1512436542746
"closed minded",1512436543133
"open minded",1512436543509
"closed minded",1512436544349
"closed minded",1512436544680
"start",1512436562692
"extrovert",1512436580480
"introvert",1512436581972
"extrovert",1512436582724
"introvert",1512436584033
"extrovert",1512436585369
"extrovert",1512436585775
"extrovert",1512436600173
"extrovert",1512436600732
"start",1512436903677
"introvert",1512436913383
"introvert",1512436920967
"extrovert",1512436924788
"introvert",1512436932710
"introvert",1512436933896
"introvert",1512436935102
"introvert",1512436935982
"introvert",1512436936815
"open minded",1512436969325
"closed minded",1512436980266
"closed minded",1512436985415
"closed minded",1512436995811
"open minded",1512437000094
"closed minded",1512437006365
"closed minded",1512437010988
"open minded",1512437015393
"open minded",1512437023426
"open minded",1512437028960
"open minded",1512437031759
"open minded",1512437036361
"closed minded",1512437039891
"open minded",1512437043151
"closed minded",1512437049064
"start",1512437139376
"extrovert",1512437150110
"extrovert",1512437153628
"extrovert",1512437154903
"extrovert",1512437155932
"introvert",1512437157178
"extrovert",1512437159420
"introvert",1512437160996
"extrovert",1512437162158
"open minded",1512437183984
"closed minded",1512437186751
"open minded",1512437188205
"closed minded",1512437189817
"open minded",1512437191082
"closed minded",1512437192675
"closed minded",1512437193661
"open minded",1512437194981
"open minded",1512437196178
"closed minded",1512437197195
"open minded",1512437198243
"open minded",1512437199291
"closed minded",1512437201029
"closed minded",1512437201645
"closed minded",1512437202223
"start",1512437260268
"introvert",1512437272727
"extrovert",1512437277968
"introvert",1512437279555
"extrovert",1512437282286
"introvert",1512437283961
"extrovert",1512437285937
"introvert",1512437287270
"extrovert",1512437288739
"closed minded",1512437340158
"closed minded",1512437341521
"closed minded",1512437344647
"open minded",1512437349188
"closed minded",1512437353371
"closed minded",1512437355970
"open minded",1512437359520
"open minded",1512437362077
"closed minded",1512437368769
"open minded",1512437376944
"open minded",1512437393219
"open minded",1512437400256
"open minded",1512437410356
"open minded",1512437421378
"closed minded",1512437440895
"start",1512437558023
"extrovert",1512437562082
"extrovert",1512437562440
"extrovert",1512437562600
"extrovert",1512437562747
"extrovert",1512437562850
"extrovert",1512437563003
"extrovert",1512437563364
"extrovert",1512437563700
"closed minded",1512437565948
"closed minded",1512437567810
"start",1512437582753
"extrovert",1512437594813
"start",1512437684440
"extrovert",1512437690382
"extrovert",1512437690805
"extrovert",1512437693540
"extrovert",1512437696408
"extrovert",1512437696644
"extrovert",1512437696861
"extrovert",1512437697078
"extrovert",1512437697309
"start",1512437709853
"start",1512437847670
"introvert",1512437865795
"introvert",1512437873154
"extrovert",1512437878790
"extrovert",1512437881906
"introvert",1512437885864
"extrovert",1512437889078
"introvert",1512437892612
"extrovert",1512437894791
"closed minded",1512437921776
"open minded",1512437926519
"open minded",1512437931803
"closed minded",1512437936386
"open minded",1512437942046
"closed minded",1512437948467
"open minded",1512437952694
"open minded",1512437957155
"closed minded",1512437961578
"open minded",1512437965189
"closed minded",1512437968077
"closed minded",1512437972476
"closed minded",1512437974290
"open minded",1512437975536
"open minded",1512437978819
"start",1512438428394
"introvert",1512438508216
"introvert",1512438513126
"introvert",1512438516304
"introvert",1512438533741
"introvert",1512438537635
"introvert",1512438541139
"introvert",1512438544071
"introvert",1512438546697
"open minded",1512438575656
"closed minded",1512438584172
"open minded",1512438588816
"closed minded",1512438597583
"closed minded",1512438602893
"closed minded",1512438609513
"open minded",1512438615217
"closed minded",1512438619197
"closed minded",1512438625994
"closed minded",1512438629399
"closed minded",1512438635069
"closed minded",1512438638964
"open minded",1512438647402
"closed minded",1512438652832
"open minded",1512438668882
"start",1512439260849
"start",1512698371917
"extrovert",1512698374566
"introvert",1512698375870
"introvert",1512698376701
"extrovert",1512698377658
"extrovert",1512698378432
"introvert",1512698379502
"extrovert",1512698519135
"extrovert",1512698519715
"open minded",1512698521922
"closed minded",1512698522529
"open minded",1512698523166
"open minded",1512698523686
"closed minded",1512698524714
"closed minded",1512698525184
"open minded",1512698525701
"open minded",1512698526146
"open minded",1512698526670
"closed minded",1512698527672
"closed minded",1512698528135
"closed minded",1512698528565
"closed minded",1512698529011
"closed minded",1512698529383
"start",1512700198279
"start",1512707866334
"extrovert",1512707872478
"introvert",1512707873689
"introvert",1512707874643
"extrovert",1512707875364
"extrovert",1512707876334
"introvert",1512707877426
"extrovert",1512707878443
"extrovert",1512707879139
"start",1512707900877
"extrovert",1512707901824
"extrovert",1512707902574
"extrovert",1512707903005
"extrovert",1512707903357
"extrovert",1512707903741
"extrovert",1512707904256
"extrovert",1512707904648
"extrovert",1512707904969
"extrovert",1512707905161
"extrovert",1512707905529
"introvert",1512707906362
"start",1512707980732
"extrovert",1512707982237
"extrovert",1512707982827
"extrovert",1512707983293
"extrovert",1512707983701
"extrovert",1512707984031
"extrovert",1512707984377
"extrovert",1512707984681
"extrovert",1512707985009
"extrovert",1512707985353
"extrovert",1512707985701
"extrovert",1512707986227
"extrovert",1512707986556
"extrovert",1512707986910
"extrovert",1512707987221
"open minded",1512707989590
"closed minded",1512707990199
"open minded",1512707990671
"open minded",1512707991033
"open minded",1512707991303
"open minded",1512707991600
"open minded",1512707991865
"open minded",1512707992144
"open minded",1512707992457
"start",1512708311182
"extrovert",1512708314121
"extrovert",1512708315952
"extrovert",1512708317103
"extrovert",1512708317635
"extrovert",1512708318182
"extrovert",1512708318983
"extrovert",1512708319648
"extrovert",1512708320283
"extrovert",1512708320839
"extrovert",1512708321459
"extrovert",1512708322204
"extrovert",1512708324160
"extrovert",1512708326680
"extrovert",1512708329994
"start",1512708358613
"extrovert",1512708359387
"extrovert",1512708359987
"extrovert",1512708360594
"extrovert",1512708361412
"extrovert",1512708362855
"extrovert",1512708364402
"extrovert",1512708365366
"extrovert",1512708366151
"extrovert",1512708366921
"extrovert",1512708368069
"extrovert",1512708369485
"extrovert",1512708370876
"extrovert",1512708372075
"extrovert",1512708373045
"start",1512708384450
"extrovert",1512708385488
"extrovert",1512708385652
"extrovert",1512708385830
"extrovert",1512708398706
"extrovert",1512708404369
"extrovert",1512708417364
"start",1512708457819
"extrovert",1512708458625
"extrovert",1512708459641
"extrovert",1512708460602
"extrovert",1512708463213
"extrovert",1512708464947
"extrovert",1512708466935
"extrovert",1512708468153
"extrovert",1512708469541
"extrovert",1512708470557
"extrovert",1512708471639
"extrovert",1512708473231
"extrovert",1512708474341
"extrovert",1512708475519
"extrovert",1512708476747
"start",1512709031841
"extrovert",1512709032772
"extrovert",1512709033460
"introvert",1512709034181
"extrovert",1512709034787
"introvert",1512709035365
"introvert",1512709036005
"extrovert",1512709037956
"extrovert",1512709038420
"extrovert",1512709038828
"extrovert",1512709039228
"extrovert",1512709039596
"extrovert",1512709039954
"extrovert",1512709040350
"extrovert",1512709040815
"start",1512709045212
"extrovert",1512709045804
"extrovert",1512709047633
"extrovert",1512709048914
"extrovert",1512709049846
"extrovert",1512709052356
"extrovert",1512709058329
"extrovert",1512709059297
"extrovert",1512709060485
"extrovert",1512709061536
"extrovert",1512709062160
"extrovert",1512709062743
"extrovert",1512709063601
"extrovert",1512709064719
"extrovert",1512709065922
"start",1512709490644
"extrovert",1512709497731
"extrovert",1512709498818
"extrovert",1512709499512
"start",1512709578574
"extrovert",1512709584665
"extrovert",1512709589866
"extrovert",1512709593847
"extrovert",1512709600800
"extrovert",1512709604720
"introvert",1512709609131
"extrovert",1512709612725
"introvert",1512709617200
"extrovert",1512709618460
"extrovert",1512709619622
"extrovert",1512709620117
"extrovert",1512709620875
"extrovert",1512709621047
"extrovert",1512709621231
"extrovert",1512709621399
"extrovert",1512709621682
"open minded",1512709624767
"closed minded",1512709625907
"closed minded",1512709626635
"closed minded",1512709627131
"closed minded",1512709627655
"closed minded",1512709628141
"closed minded",1512709628643
"closed minded",1512709629263
"start",1512709669798
"extrovert",1512709673634
"extrovert",1512709675542
"extrovert",1512709676135
"extrovert",1512709677053
"extrovert",1512709677707
"extrovert",1512709678246
"extrovert",1512709678832
"extrovert",1512709680505
"extrovert",1512709681228
"extrovert",1512709682543
"extrovert",1512709684325
"extrovert",1512709685316
"extrovert",1512709686147
"extrovert",1512709686852
"extrovert",1512709687478
"extrovert",1512709688511
"start",1512709718707
"extrovert",1512709719438
"extrovert",1512709719822
"extrovert",1512709719999
"extrovert",1512709720174
"extrovert",1512709720342
"extrovert",1512709720718
"extrovert",1512709721196
"extrovert",1512709722624
"extrovert",1512709723081
"extrovert",1512709723315
"extrovert",1512709723537
"extrovert",1512709723884
"extrovert",1512709724266
"extrovert",1512709724581
"extrovert",1512709724875
"extrovert",1512709725159
"start",1512709804768
"extrovert",1512709806650
"extrovert",1512709807916
"extrovert",1512709809215
"extrovert",1512709810149
"extrovert",1512709811169
"extrovert",1512709811784
"extrovert",1512709812312
"extrovert",1512709812839
"extrovert",1512709813341
"extrovert",1512709813853
"extrovert",1512709814512
"extrovert",1512709815032
"extrovert",1512709815546
"extrovert",1512709816036
"extrovert",1512709816539
"extrovert",1512709817110
"open minded",1512709821759
"open minded",1512709823488
"open minded",1512709824781
"open minded",1512709825293
"open minded",1512709825719
"open minded",1512709826216
"open minded",1512709826713
"open minded",1512709827571
"start",1512709832098
"start",1512934178526
"extrovert",1512934285292
"introvert",1512934286361
"introvert",1512934286877
"introvert",1512934287310
"introvert",1512934287688
"introvert",1512934288128
"introvert",1512934288490
"introvert",1512934289891
"introvert",1512934290396
"introvert",1512934291355
"extrovert",1512934301367
"extrovert",1512934303198
"extrovert",1512934303934
"extrovert",1512934304688
"extrovert",1512934305358
"extrovert",1512934306476
"start",1512934312855
"start",1512934640958
"introvert",1512934652803
"extrovert",1512934658955
"start",1512934665203
"extrovert",1512934667362
"extrovert",1512934668154
"extrovert",1512934669670
"extrovert",1512934927401
"extrovert",1512934927939
"extrovert",1512934928255
"extrovert",1512934928727
"extrovert",1512934929161
"extrovert",1512934929641
"extrovert",1512934930122
"extrovert",1512934930709
"extrovert",1512934931189
"extrovert",1512934931624
"extrovert",1512934932079
"extrovert",1512934932497
"extrovert",1512934932975
"start",1512935046864
"start",1512935058683
"extrovert",1512935063524
"start",1512935082129
"introvert",1512935084270
"start",1512935127929
"extrovert",1512935138696
"extrovert",1512935215200
"introvert",1512935219476
"introvert",1512935220515
"extrovert",1512935221279
"start",1512935341032
"extrovert",1512935343062
"extrovert",1512935344186
"start",1512935398812
"extrovert",1512935404028
"extrovert",1512935404881
"start",1512935502371
"extrovert",1512935505115
"start",1512935557819
"extrovert",1512935632422
"start",1512935649192
"introvert",1512935650732
"introvert",1512935651408
"start",1512935816157
"extrovert",1512935817638
"start",1512935839863
"extrovert",1512935848572
"extrovert",1512935859199
"start",1512935875805
"extrovert",1512935876807
"extrovert",1512935878056
"extrovert",1512935878536
"start",1512935911469
"extrovert",1512935912506
"extrovert",1512935913034
"extrovert",1512935913553
"extrovert",1512935914123
"extrovert",1512935914614
"extrovert",1512935915168
"start",1512935935286
"extrovert",1512935936839
"start",1512935956954
"extrovert",1512935961798
"start",1512935969189
"extrovert",1512935970714
"extrovert",1512935971236
"extrovert",1512935971769
"extrovert",1512935972313
"extrovert",1512935972827
"extrovert",1512935973314
"extrovert",1512935973796
"extrovert",1512935974372
"extrovert",1512935974993
"extrovert",1512935975454
"extrovert",1512935975622
"extrovert",1512935975784
"extrovert",1512935976161
"extrovert",1512935976392
"extrovert",1512935976648
"extrovert",1512935976922
"start",1512936077934
"extrovert",1512936079585
"extrovert",1512936080002
"extrovert",1512936080458
"extrovert",1512936080841
"extrovert",1512936081124
"extrovert",1512936081324
"extrovert",1512936081512
"extrovert",1512936081808
"extrovert",1512936082156
"extrovert",1512936082465
"extrovert",1512936082698
"extrovert",1512936083026
"extrovert",1512936083318
"extrovert",1512936083662
"extrovert",1512936084054
"extrovert",1512936084401
"open minded",1512936088526
"open minded",1512936089114
"open minded",1512936089601
"open minded",1512936090002
"open minded",1512936090585
"open minded",1512936090895
"open minded",1512936091125
"open minded",1512936091407
"open minded",1512936091646
"start",1512936097747
"extrovert",1512936136014
"extrovert",1512936137287
"extrovert",1512936138173
"extrovert",1512936139247
"extrovert",1512936140290
"extrovert",1512936140986
"extrovert",1512936142093
"extrovert",1512936143299
"extrovert",1512936144026
"extrovert",1512936148197
"extrovert",1512936150559
"extrovert",1512936154376
"extrovert",1512936158052
"extrovert",1512936163628
"extrovert",1512936168689
"extrovert",1512936172553
"open minded",1512936176008
"open minded",1512936177282
"open minded",1512936178228
"open minded",1512936179303
"open minded",1512936180210
"open minded",1512936180947
"closed minded",1512936182055
"closed minded",1512936182806
"closed minded",1512936184030
"start",1512936232734
"extrovert",1512936268770
"extrovert",1512936272506
"extrovert",1512936273586
"extrovert",1512936275680
"extrovert",1512936328273
"extrovert",1512936351552
"extrovert",1512936352520
"extrovert",1512936353657
"extrovert",1512936354657
"extrovert",1512936355662
"extrovert",1512936356777
"extrovert",1512936357810
"extrovert",1512936358906
"extrovert",1512936359699
"extrovert",1512936361401
"extrovert",1512936362384
"closed minded",1512936375698
"closed minded",1512936377056
"closed minded",1512936378257
"closed minded",1512936379155
"start",1512938358932
"start",1512938540867
"extrovert",1512938542086
"extrovert",1512938542307
"extrovert",1512938542459
"extrovert",1512938542627
"extrovert",1512938542787
"extrovert",1512938542939
"extrovert",1512938543133
"extrovert",1512938543277
"extrovert",1512938543671
"extrovert",1512938544029
"extrovert",1512938544495
"extrovert",1512938544991
"extrovert",1512938545557
"extrovert",1512938546036
"extrovert",1512938546383
"extrovert",1512938546640
"closed minded",1512938552283
"closed minded",1512938553179
"closed minded",1512938553801
"closed minded",1512938554171
"closed minded",1512938554701
"closed minded",1512938555173
"closed minded",1512938555770
"closed minded",1512938556120
"start",1512938561125
"extrovert",1512938562239
"extrovert",1512938562756
"extrovert",1512938563121
"extrovert",1512938563535
"extrovert",1512938563815
"extrovert",1512938564011
"extrovert",1512938564265
"extrovert",1512938564481
"extrovert",1512938564843
"extrovert",1512938565148
"extrovert",1512938565547
"extrovert",1512938565859
"extrovert",1512938566201
"extrovert",1512938566512
"extrovert",1512938566891
"extrovert",1512938567267
"start",1512944011761
"extrovert",1512944016636
"extrovert",1512944021023
"extrovert",1512944027178
"extrovert",1512944031720
"start",1512944066222
"start",1512944126993
"start",1512944161255
"extrovert",1512944193423
"extrovert",1512944195074
"extrovert",1512944196058
"extrovert",1512944197931
"extrovert",1512944199891
"extrovert",1512944200358
"extrovert",1512944200603
"extrovert",1512944200901
"extrovert",1512944201283
"extrovert",1512944201757
"extrovert",1512944202397
"extrovert",1512944203283
"extrovert",1512944203949
"extrovert",1512944204755
"extrovert",1512944205406
"extrovert",1512944207966
"start",1512944616112
"closed minded",1512944618265
"closed minded",1512944618721
"closed minded",1512944619040
"closed minded",1512944619207
"closed minded",1512944619351
"closed minded",1512944619475
"closed minded",1512944619609
"closed minded",1512944619760
"closed minded",1512944619921
"closed minded",1512944620073
"closed minded",1512944620257
"closed minded",1512944620451
"closed minded",1512944620739
"closed minded",1512944620981
"closed minded",1512944621300
"closed minded",1512944621573
"introverted",1512944631715
"extroverted",1512944634435
"extroverted",1512944635574
"introverted",1512944636598
"extroverted",1512944637655
"extroverted",1512944638753
"extroverted",1512944639796
"extroverted",1512944641045
"extroverted",1512944642063
"start",1512944765159
"closed minded",1512944771625
"start",1512944788333
"closed minded",1512944809217
"closed minded",1512944809714
"start",1512944834686
"start",1512944876625
"closed minded",1512944878252
"closed minded",1512944880308
"closed minded",1512944880941
"closed minded",1512944881100
"closed minded",1512944881244
"closed minded",1512944881588
"closed minded",1512944884162
"closed minded",1512944884701
"closed minded",1512944885204
"closed minded",1512944885884
"closed minded",1512944886989
"closed minded",1512944887369
"closed minded",1512944887537
"closed minded",1512944887881
"closed minded",1512944888194
"closed minded",1512944888498
"start",1512944913170
"closed minded",1512944914795
"closed minded",1512944915382
"closed minded",1512944915822
"closed minded",1512944916339
"closed minded",1512944916488
"closed minded",1512944916641
"closed minded",1512944916945
"closed minded",1512944917106
"closed minded",1512944917385
"closed minded",1512944917596
"closed minded",1512944917847
"closed minded",1512944918171
"closed minded",1512944918435
"closed minded",1512944918741
"closed minded",1512944919017
"closed minded",1512944919309
"extroverted",1512944921685
"extroverted",1512944922368
"extroverted",1512944922897
"extroverted",1512944923081
"extroverted",1512944923433
"extroverted",1512944924051
"extroverted",1512944924505
"extroverted",1512944924674
"extroverted",1512944924857
"start",1512944976777
"closed minded",1512944978879
"closed minded",1512944979446
"closed minded",1512944979951
"closed minded",1512944980464
"closed minded",1512944981139
"closed minded",1512944981619
"closed minded",1512944982099
"closed minded",1512944982667
"closed minded",1512944983406
"closed minded",1512944983766
"closed minded",1512944984244
"closed minded",1512944984757
"closed minded",1512944985389
"closed minded",1512944985790
"closed minded",1512944986383
"closed minded",1512944987064
"extroverted",1512944990185
"extroverted",1512944990717
"extroverted",1512944991337
"extroverted",1512944991826
"extroverted",1512944992323
"extroverted",1512944992861
"extroverted",1512944993446
"extroverted",1512944993968
